user-1;password
user-2;password
user-3;password
user-4;password
user-5;password
user-6;password
user-7;password
user-8;password
user-9;password
user-10;password
user-11;password
user-12;password
user-13;password
user-14;password
user-15;password
user-16;password
user-17;password
user-18;password
user-19;password
user-20;password
user-21;password
user-22;password
user-23;password
user-24;password
user-25;password
user-26;password
user-27;password
user-28;password
user-29;password
user-30;password
user-31;password
user-32;password
user-33;password
user-34;password
user-35;password
user-36;password
user-37;password
user-38;password
user-39;password
user-40;password
user-41;password
user-42;password
user-43;password
user-44;password
user-45;password
user-46;password
user-47;password
user-48;password
user-49;password
user-50;password
user-51;password
user-52;password
user-53;password
user-54;password
user-55;password
user-56;password
user-57;password
user-58;password
user-59;password
user-60;password
user-61;password
user-62;password
user-63;password
user-64;password
user-65;password
user-66;password
user-67;password
user-68;password
user-69;password
user-70;password
user-71;password
user-72;password
user-73;password
user-74;password
user-75;password
user-76;password
user-77;password
user-78;password
user-79;password
user-80;password
user-81;password
user-82;password
user-83;password
user-84;password
user-85;password
user-86;password
user-87;password
user-88;password
user-89;password
user-90;password
user-91;password
user-92;password
user-93;password
user-94;password
user-95;password
user-96;password
user-97;password
user-98;password
user-99;password
user-100;password
user-101;password
user-102;password
user-103;password
user-104;password
user-105;password
user-106;password
user-107;password
user-108;password
user-109;password
user-110;password
user-111;password
user-112;password
user-113;password
user-114;password
user-115;password
user-116;password
user-117;password
user-118;password
user-119;password
user-120;password
user-121;password
user-122;password
user-123;password
user-124;password
user-125;password
user-126;password
user-127;password
user-128;password
user-129;password
user-130;password
user-131;password
user-132;password
user-133;password
user-134;password
user-135;password
user-136;password
user-137;password
user-138;password
user-139;password
user-140;password
user-141;password
user-142;password
user-143;password
user-144;password
user-145;password
user-146;password
user-147;password
user-148;password
user-149;password
user-150;password
user-151;password
user-152;password
user-153;password
user-154;password
user-155;password
user-156;password
user-157;password
user-158;password
user-159;password
user-160;password
user-161;password
user-162;password
user-163;password
user-164;password
user-165;password
user-166;password
user-167;password
user-168;password
user-169;password
user-170;password
user-171;password
user-172;password
user-173;password
user-174;password
user-175;password
user-176;password
user-177;password
user-178;password
user-179;password
user-180;password
user-181;password
user-182;password
user-183;password
user-184;password
user-185;password
user-186;password
user-187;password
user-188;password
user-189;password
user-190;password
user-191;password
user-192;password
user-193;password
user-194;password
user-195;password
user-196;password
user-197;password
user-198;password
user-199;password
user-200;password
user-201;password
user-202;password
user-203;password
user-204;password
user-205;password
user-206;password
user-207;password
user-208;password
user-209;password
user-210;password
user-211;password
user-212;password
user-213;password
user-214;password
user-215;password
user-216;password
user-217;password
user-218;password
user-219;password
user-220;password
user-221;password
user-222;password
user-223;password
user-224;password
user-225;password
user-226;password
user-227;password
user-228;password
user-229;password
user-230;password
user-231;password
user-232;password
user-233;password
user-234;password
user-235;password
user-236;password
user-237;password
user-238;password
user-239;password
user-240;password
user-241;password
user-242;password
user-243;password
user-244;password
user-245;password
user-246;password
user-247;password
user-248;password
user-249;password
user-250;password
user-251;password
user-252;password
user-253;password
user-254;password
user-255;password
user-256;password
user-257;password
user-258;password
user-259;password
user-260;password
user-261;password
user-262;password
user-263;password
user-264;password
user-265;password
user-266;password
user-267;password
user-268;password
user-269;password
user-270;password
user-271;password
user-272;password
user-273;password
user-274;password
user-275;password
user-276;password
user-277;password
user-278;password
user-279;password
user-280;password
user-281;password
user-282;password
user-283;password
user-284;password
user-285;password
user-286;password
user-287;password
user-288;password
user-289;password
user-290;password
user-291;password
user-292;password
user-293;password
user-294;password
user-295;password
user-296;password
user-297;password
user-298;password
user-299;password
user-300;password
user-301;password
user-302;password
user-303;password
user-304;password
user-305;password
user-306;password
user-307;password
user-308;password
user-309;password
user-310;password
user-311;password
user-312;password
user-313;password
user-314;password
user-315;password
user-316;password
user-317;password
user-318;password
user-319;password
user-320;password
user-321;password
user-322;password
user-323;password
user-324;password
user-325;password
user-326;password
user-327;password
user-328;password
user-329;password
user-330;password
user-331;password
user-332;password
user-333;password
user-334;password
user-335;password
user-336;password
user-337;password
user-338;password
user-339;password
user-340;password
user-341;password
user-342;password
user-343;password
user-344;password
user-345;password
user-346;password
user-347;password
user-348;password
user-349;password
user-350;password
user-351;password
user-352;password
user-353;password
user-354;password
user-355;password
user-356;password
user-357;password
user-358;password
user-359;password
user-360;password
user-361;password
user-362;password
user-363;password
user-364;password
user-365;password
user-366;password
user-367;password
user-368;password
user-369;password
user-370;password
user-371;password
user-372;password
user-373;password
user-374;password
user-375;password
user-376;password
user-377;password
user-378;password
user-379;password
user-380;password
user-381;password
user-382;password
user-383;password
user-384;password
user-385;password
user-386;password
user-387;password
user-388;password
user-389;password
user-390;password
user-391;password
user-392;password
user-393;password
user-394;password
user-395;password
user-396;password
user-397;password
user-398;password
user-399;password
user-400;password
user-401;password
user-402;password
user-403;password
user-404;password
user-405;password
user-406;password
user-407;password
user-408;password
user-409;password
user-410;password
user-411;password
user-412;password
user-413;password
user-414;password
user-415;password
user-416;password
user-417;password
user-418;password
user-419;password
user-420;password
user-421;password
user-422;password
user-423;password
user-424;password
user-425;password
user-426;password
user-427;password
user-428;password
user-429;password
user-430;password
user-431;password
user-432;password
user-433;password
user-434;password
user-435;password
user-436;password
user-437;password
user-438;password
user-439;password
user-440;password
user-441;password
user-442;password
user-443;password
user-444;password
user-445;password
user-446;password
user-447;password
user-448;password
user-449;password
user-450;password
user-451;password
user-452;password
user-453;password
user-454;password
user-455;password
user-456;password
user-457;password
user-458;password
user-459;password
user-460;password
user-461;password
user-462;password
user-463;password
user-464;password
user-465;password
user-466;password
user-467;password
user-468;password
user-469;password
user-470;password
user-471;password
user-472;password
user-473;password
user-474;password
user-475;password
user-476;password
user-477;password
user-478;password
user-479;password
user-480;password
user-481;password
user-482;password
user-483;password
user-484;password
user-485;password
user-486;password
user-487;password
user-488;password
user-489;password
user-490;password
user-491;password
user-492;password
user-493;password
user-494;password
user-495;password
user-496;password
user-497;password
user-498;password
user-499;password
user-500;password
user-501;password
user-502;password
user-503;password
user-504;password
user-505;password
user-506;password
user-507;password
user-508;password
user-509;password
user-510;password
user-511;password
user-512;password
user-513;password
user-514;password
user-515;password
user-516;password
user-517;password
user-518;password
user-519;password
user-520;password
user-521;password
user-522;password
user-523;password
user-524;password
user-525;password
user-526;password
user-527;password
user-528;password
user-529;password
user-530;password
user-531;password
user-532;password
user-533;password
user-534;password
user-535;password
user-536;password
user-537;password
user-538;password
user-539;password
user-540;password
user-541;password
user-542;password
user-543;password
user-544;password
user-545;password
user-546;password
user-547;password
user-548;password
user-549;password
user-550;password
user-551;password
user-552;password
user-553;password
user-554;password
user-555;password
user-556;password
user-557;password
user-558;password
user-559;password
user-560;password
user-561;password
user-562;password
user-563;password
user-564;password
user-565;password
user-566;password
user-567;password
user-568;password
user-569;password
user-570;password
user-571;password
user-572;password
user-573;password
user-574;password
user-575;password
user-576;password
user-577;password
user-578;password
user-579;password
user-580;password
user-581;password
user-582;password
user-583;password
user-584;password
user-585;password
user-586;password
user-587;password
user-588;password
user-589;password
user-590;password
user-591;password
user-592;password
user-593;password
user-594;password
user-595;password
user-596;password
user-597;password
user-598;password
user-599;password
user-600;password
user-601;password
user-602;password
user-603;password
user-604;password
user-605;password
user-606;password
user-607;password
user-608;password
user-609;password
user-610;password
user-611;password
user-612;password
user-613;password
user-614;password
user-615;password
user-616;password
user-617;password
user-618;password
user-619;password
user-620;password
user-621;password
user-622;password
user-623;password
user-624;password
user-625;password
user-626;password
user-627;password
user-628;password
user-629;password
user-630;password
user-631;password
user-632;password
user-633;password
user-634;password
user-635;password
user-636;password
user-637;password
user-638;password
user-639;password
user-640;password
user-641;password
user-642;password
user-643;password
user-644;password
user-645;password
user-646;password
user-647;password
user-648;password
user-649;password
user-650;password
user-651;password
user-652;password
user-653;password
user-654;password
user-655;password
user-656;password
user-657;password
user-658;password
user-659;password
user-660;password
user-661;password
user-662;password
user-663;password
user-664;password
user-665;password
user-666;password
user-667;password
user-668;password
user-669;password
user-670;password
user-671;password
user-672;password
user-673;password
user-674;password
user-675;password
user-676;password
user-677;password
user-678;password
user-679;password
user-680;password
user-681;password
user-682;password
user-683;password
user-684;password
user-685;password
user-686;password
user-687;password
user-688;password
user-689;password
user-690;password
user-691;password
user-692;password
user-693;password
user-694;password
user-695;password
user-696;password
user-697;password
user-698;password
user-699;password
user-700;password
user-701;password
user-702;password
user-703;password
user-704;password
user-705;password
user-706;password
user-707;password
user-708;password
user-709;password
user-710;password
user-711;password
user-712;password
user-713;password
user-714;password
user-715;password
user-716;password
user-717;password
user-718;password
user-719;password
user-720;password
user-721;password
user-722;password
user-723;password
user-724;password
user-725;password
user-726;password
user-727;password
user-728;password
user-729;password
user-730;password
user-731;password
user-732;password
user-733;password
user-734;password
user-735;password
user-736;password
user-737;password
user-738;password
user-739;password
user-740;password
user-741;password
user-742;password
user-743;password
user-744;password
user-745;password
user-746;password
user-747;password
user-748;password
user-749;password
user-750;password
user-751;password
user-752;password
user-753;password
user-754;password
user-755;password
user-756;password
user-757;password
user-758;password
user-759;password
user-760;password
user-761;password
user-762;password
user-763;password
user-764;password
user-765;password
user-766;password
user-767;password
user-768;password
user-769;password
user-770;password
user-771;password
user-772;password
user-773;password
user-774;password
user-775;password
user-776;password
user-777;password
user-778;password
user-779;password
user-780;password
user-781;password
user-782;password
user-783;password
user-784;password
user-785;password
user-786;password
user-787;password
user-788;password
user-789;password
user-790;password
user-791;password
user-792;password
user-793;password
user-794;password
user-795;password
user-796;password
user-797;password
user-798;password
user-799;password
user-800;password
user-801;password
user-802;password
user-803;password
user-804;password
user-805;password
user-806;password
user-807;password
user-808;password
user-809;password
user-810;password
user-811;password
user-812;password
user-813;password
user-814;password
user-815;password
user-816;password
user-817;password
user-818;password
user-819;password
user-820;password
user-821;password
user-822;password
user-823;password
user-824;password
user-825;password
user-826;password
user-827;password
user-828;password
user-829;password
user-830;password
user-831;password
user-832;password
user-833;password
user-834;password
user-835;password
user-836;password
user-837;password
user-838;password
user-839;password
user-840;password
user-841;password
user-842;password
user-843;password
user-844;password
user-845;password
user-846;password
user-847;password
user-848;password
user-849;password
user-850;password
user-851;password
user-852;password
user-853;password
user-854;password
user-855;password
user-856;password
user-857;password
user-858;password
user-859;password
user-860;password
user-861;password
user-862;password
user-863;password
user-864;password
user-865;password
user-866;password
user-867;password
user-868;password
user-869;password
user-870;password
user-871;password
user-872;password
user-873;password
user-874;password
user-875;password
user-876;password
user-877;password
user-878;password
user-879;password
user-880;password
user-881;password
user-882;password
user-883;password
user-884;password
user-885;password
user-886;password
user-887;password
user-888;password
user-889;password
user-890;password
user-891;password
user-892;password
user-893;password
user-894;password
user-895;password
user-896;password
user-897;password
user-898;password
user-899;password
user-900;password
user-901;password
user-902;password
user-903;password
user-904;password
user-905;password
user-906;password
user-907;password
user-908;password
user-909;password
user-910;password
user-911;password
user-912;password
user-913;password
user-914;password
user-915;password
user-916;password
user-917;password
user-918;password
user-919;password
user-920;password
user-921;password
user-922;password
user-923;password
user-924;password
user-925;password
user-926;password
user-927;password
user-928;password
user-929;password
user-930;password
user-931;password
user-932;password
user-933;password
user-934;password
user-935;password
user-936;password
user-937;password
user-938;password
user-939;password
user-940;password
user-941;password
user-942;password
user-943;password
user-944;password
user-945;password
user-946;password
user-947;password
user-948;password
user-949;password
user-950;password
user-951;password
user-952;password
user-953;password
user-954;password
user-955;password
user-956;password
user-957;password
user-958;password
user-959;password
user-960;password
user-961;password
user-962;password
user-963;password
user-964;password
user-965;password
user-966;password
user-967;password
user-968;password
user-969;password
user-970;password
user-971;password
user-972;password
user-973;password
user-974;password
user-975;password
user-976;password
user-977;password
user-978;password
user-979;password
user-980;password
user-981;password
user-982;password
user-983;password
user-984;password
user-985;password
user-986;password
user-987;password
user-988;password
user-989;password
user-990;password
user-991;password
user-992;password
user-993;password
user-994;password
user-995;password
user-996;password
user-997;password
user-998;password
user-999;password
user-1000;password
user-1001;password
user-1002;password
user-1003;password
user-1004;password
user-1005;password
user-1006;password
user-1007;password
user-1008;password
user-1009;password
user-1010;password
user-1011;password
user-1012;password
user-1013;password
user-1014;password
user-1015;password
user-1016;password
user-1017;password
user-1018;password
user-1019;password
user-1020;password
user-1021;password
user-1022;password
user-1023;password
user-1024;password
user-1025;password
user-1026;password
user-1027;password
user-1028;password
user-1029;password
user-1030;password
user-1031;password
user-1032;password
user-1033;password
user-1034;password
user-1035;password
user-1036;password
user-1037;password
user-1038;password
user-1039;password
user-1040;password
user-1041;password
user-1042;password
user-1043;password
user-1044;password
user-1045;password
user-1046;password
user-1047;password
user-1048;password
user-1049;password
user-1050;password
user-1051;password
user-1052;password
user-1053;password
user-1054;password
user-1055;password
user-1056;password
user-1057;password
user-1058;password
user-1059;password
user-1060;password
user-1061;password
user-1062;password
user-1063;password
user-1064;password
user-1065;password
user-1066;password
user-1067;password
user-1068;password
user-1069;password
user-1070;password
user-1071;password
user-1072;password
user-1073;password
user-1074;password
user-1075;password
user-1076;password
user-1077;password
user-1078;password
user-1079;password
user-1080;password
user-1081;password
user-1082;password
user-1083;password
user-1084;password
user-1085;password
user-1086;password
user-1087;password
user-1088;password
user-1089;password
user-1090;password
user-1091;password
user-1092;password
user-1093;password
user-1094;password
user-1095;password
user-1096;password
user-1097;password
user-1098;password
user-1099;password
user-1100;password
user-1101;password
user-1102;password
user-1103;password
user-1104;password
user-1105;password
user-1106;password
user-1107;password
user-1108;password
user-1109;password
user-1110;password
user-1111;password
user-1112;password
user-1113;password
user-1114;password
user-1115;password
user-1116;password
user-1117;password
user-1118;password
user-1119;password
user-1120;password
user-1121;password
user-1122;password
user-1123;password
user-1124;password
user-1125;password
user-1126;password
user-1127;password
user-1128;password
user-1129;password
user-1130;password
user-1131;password
user-1132;password
user-1133;password
user-1134;password
user-1135;password
user-1136;password
user-1137;password
user-1138;password
user-1139;password
user-1140;password
user-1141;password
user-1142;password
user-1143;password
user-1144;password
user-1145;password
user-1146;password
user-1147;password
user-1148;password
user-1149;password
user-1150;password
user-1151;password
user-1152;password
user-1153;password
user-1154;password
user-1155;password
user-1156;password
user-1157;password
user-1158;password
user-1159;password
user-1160;password
user-1161;password
user-1162;password
user-1163;password
user-1164;password
user-1165;password
user-1166;password
user-1167;password
user-1168;password
user-1169;password
user-1170;password
user-1171;password
user-1172;password
user-1173;password
user-1174;password
user-1175;password
user-1176;password
user-1177;password
user-1178;password
user-1179;password
user-1180;password
user-1181;password
user-1182;password
user-1183;password
user-1184;password
user-1185;password
user-1186;password
user-1187;password
user-1188;password
user-1189;password
user-1190;password
user-1191;password
user-1192;password
user-1193;password
user-1194;password
user-1195;password
user-1196;password
user-1197;password
user-1198;password
user-1199;password
user-1200;password
user-1201;password
user-1202;password
user-1203;password
user-1204;password
user-1205;password
user-1206;password
user-1207;password
user-1208;password
user-1209;password
user-1210;password
user-1211;password
user-1212;password
user-1213;password
user-1214;password
user-1215;password
user-1216;password
user-1217;password
user-1218;password
user-1219;password
user-1220;password
user-1221;password
user-1222;password
user-1223;password
user-1224;password
user-1225;password
user-1226;password
user-1227;password
user-1228;password
user-1229;password
user-1230;password
user-1231;password
user-1232;password
user-1233;password
user-1234;password
user-1235;password
user-1236;password
user-1237;password
user-1238;password
user-1239;password
user-1240;password
user-1241;password
user-1242;password
user-1243;password
user-1244;password
user-1245;password
user-1246;password
user-1247;password
user-1248;password
user-1249;password
user-1250;password
user-1251;password
user-1252;password
user-1253;password
user-1254;password
user-1255;password
user-1256;password
user-1257;password
user-1258;password
user-1259;password
user-1260;password
user-1261;password
user-1262;password
user-1263;password
user-1264;password
user-1265;password
user-1266;password
user-1267;password
user-1268;password
user-1269;password
user-1270;password
user-1271;password
user-1272;password
user-1273;password
user-1274;password
user-1275;password
user-1276;password
user-1277;password
user-1278;password
user-1279;password
user-1280;password
user-1281;password
user-1282;password
user-1283;password
user-1284;password
user-1285;password
user-1286;password
user-1287;password
user-1288;password
user-1289;password
user-1290;password
user-1291;password
user-1292;password
user-1293;password
user-1294;password
user-1295;password
user-1296;password
user-1297;password
user-1298;password
user-1299;password
user-1300;password
user-1301;password
user-1302;password
user-1303;password
user-1304;password
user-1305;password
user-1306;password
user-1307;password
user-1308;password
user-1309;password
user-1310;password
user-1311;password
user-1312;password
user-1313;password
user-1314;password
user-1315;password
user-1316;password
user-1317;password
user-1318;password
user-1319;password
user-1320;password
user-1321;password
user-1322;password
user-1323;password
user-1324;password
user-1325;password
user-1326;password
user-1327;password
user-1328;password
user-1329;password
user-1330;password
user-1331;password
user-1332;password
user-1333;password
user-1334;password
user-1335;password
user-1336;password
user-1337;password
user-1338;password
user-1339;password
user-1340;password
user-1341;password
user-1342;password
user-1343;password
user-1344;password
user-1345;password
user-1346;password
user-1347;password
user-1348;password
user-1349;password
user-1350;password
user-1351;password
user-1352;password
user-1353;password
user-1354;password
user-1355;password
user-1356;password
user-1357;password
user-1358;password
user-1359;password
user-1360;password
user-1361;password
user-1362;password
user-1363;password
user-1364;password
user-1365;password
user-1366;password
user-1367;password
user-1368;password
user-1369;password
user-1370;password
user-1371;password
user-1372;password
user-1373;password
user-1374;password
user-1375;password
user-1376;password
user-1377;password
user-1378;password
user-1379;password
user-1380;password
user-1381;password
user-1382;password
user-1383;password
user-1384;password
user-1385;password
user-1386;password
user-1387;password
user-1388;password
user-1389;password
user-1390;password
user-1391;password
user-1392;password
user-1393;password
user-1394;password
user-1395;password
user-1396;password
user-1397;password
user-1398;password
user-1399;password
user-1400;password
user-1401;password
user-1402;password
user-1403;password
user-1404;password
user-1405;password
user-1406;password
user-1407;password
user-1408;password
user-1409;password
user-1410;password
user-1411;password
user-1412;password
user-1413;password
user-1414;password
user-1415;password
user-1416;password
user-1417;password
user-1418;password
user-1419;password
user-1420;password
user-1421;password
user-1422;password
user-1423;password
user-1424;password
user-1425;password
user-1426;password
user-1427;password
user-1428;password
user-1429;password
user-1430;password
user-1431;password
user-1432;password
user-1433;password
user-1434;password
user-1435;password
user-1436;password
user-1437;password
user-1438;password
user-1439;password
user-1440;password
user-1441;password
user-1442;password
user-1443;password
user-1444;password
user-1445;password
user-1446;password
user-1447;password
user-1448;password
user-1449;password
user-1450;password
user-1451;password
user-1452;password
user-1453;password
user-1454;password
user-1455;password
user-1456;password
user-1457;password
user-1458;password
user-1459;password
user-1460;password
user-1461;password
user-1462;password
user-1463;password
user-1464;password
user-1465;password
user-1466;password
user-1467;password
user-1468;password
user-1469;password
user-1470;password
user-1471;password
user-1472;password
user-1473;password
user-1474;password
user-1475;password
user-1476;password
user-1477;password
user-1478;password
user-1479;password
user-1480;password
user-1481;password
user-1482;password
user-1483;password
user-1484;password
user-1485;password
user-1486;password
user-1487;password
user-1488;password
user-1489;password
user-1490;password
user-1491;password
user-1492;password
user-1493;password
user-1494;password
user-1495;password
user-1496;password
user-1497;password
user-1498;password
user-1499;password
user-1500;password
user-1501;password
user-1502;password
user-1503;password
user-1504;password
user-1505;password
user-1506;password
user-1507;password
user-1508;password
user-1509;password
user-1510;password
user-1511;password
user-1512;password
user-1513;password
user-1514;password
user-1515;password
user-1516;password
user-1517;password
user-1518;password
user-1519;password
user-1520;password
user-1521;password
user-1522;password
user-1523;password
user-1524;password
user-1525;password
user-1526;password
user-1527;password
user-1528;password
user-1529;password
user-1530;password
user-1531;password
user-1532;password
user-1533;password
user-1534;password
user-1535;password
user-1536;password
user-1537;password
user-1538;password
user-1539;password
user-1540;password
user-1541;password
user-1542;password
user-1543;password
user-1544;password
user-1545;password
user-1546;password
user-1547;password
user-1548;password
user-1549;password
user-1550;password
user-1551;password
user-1552;password
user-1553;password
user-1554;password
user-1555;password
user-1556;password
user-1557;password
user-1558;password
user-1559;password
user-1560;password
user-1561;password
user-1562;password
user-1563;password
user-1564;password
user-1565;password
user-1566;password
user-1567;password
user-1568;password
user-1569;password
user-1570;password
user-1571;password
user-1572;password
user-1573;password
user-1574;password
user-1575;password
user-1576;password
user-1577;password
user-1578;password
user-1579;password
user-1580;password
user-1581;password
user-1582;password
user-1583;password
user-1584;password
user-1585;password
user-1586;password
user-1587;password
user-1588;password
user-1589;password
user-1590;password
user-1591;password
user-1592;password
user-1593;password
user-1594;password
user-1595;password
user-1596;password
user-1597;password
user-1598;password
user-1599;password
user-1600;password
user-1601;password
user-1602;password
user-1603;password
user-1604;password
user-1605;password
user-1606;password
user-1607;password
user-1608;password
user-1609;password
user-1610;password
user-1611;password
user-1612;password
user-1613;password
user-1614;password
user-1615;password
user-1616;password
user-1617;password
user-1618;password
user-1619;password
user-1620;password
user-1621;password
user-1622;password
user-1623;password
user-1624;password
user-1625;password
user-1626;password
user-1627;password
user-1628;password
user-1629;password
user-1630;password
user-1631;password
user-1632;password
user-1633;password
user-1634;password
user-1635;password
user-1636;password
user-1637;password
user-1638;password
user-1639;password
user-1640;password
user-1641;password
user-1642;password
user-1643;password
user-1644;password
user-1645;password
user-1646;password
user-1647;password
user-1648;password
user-1649;password
user-1650;password
user-1651;password
user-1652;password
user-1653;password
user-1654;password
user-1655;password
user-1656;password
user-1657;password
user-1658;password
user-1659;password
user-1660;password
user-1661;password
user-1662;password
user-1663;password
user-1664;password
user-1665;password
user-1666;password
user-1667;password
user-1668;password
user-1669;password
user-1670;password
user-1671;password
user-1672;password
user-1673;password
user-1674;password
user-1675;password
user-1676;password
user-1677;password
user-1678;password
user-1679;password
user-1680;password
user-1681;password
user-1682;password
user-1683;password
user-1684;password
user-1685;password
user-1686;password
user-1687;password
user-1688;password
user-1689;password
user-1690;password
user-1691;password
user-1692;password
user-1693;password
user-1694;password
user-1695;password
user-1696;password
user-1697;password
user-1698;password
user-1699;password
user-1700;password
user-1701;password
user-1702;password
user-1703;password
user-1704;password
user-1705;password
user-1706;password
user-1707;password
user-1708;password
user-1709;password
user-1710;password
user-1711;password
user-1712;password
user-1713;password
user-1714;password
user-1715;password
user-1716;password
user-1717;password
user-1718;password
user-1719;password
user-1720;password
user-1721;password
user-1722;password
user-1723;password
user-1724;password
user-1725;password
user-1726;password
user-1727;password
user-1728;password
user-1729;password
user-1730;password
user-1731;password
user-1732;password
user-1733;password
user-1734;password
user-1735;password
user-1736;password
user-1737;password
user-1738;password
user-1739;password
user-1740;password
user-1741;password
user-1742;password
user-1743;password
user-1744;password
user-1745;password
user-1746;password
user-1747;password
user-1748;password
user-1749;password
user-1750;password
user-1751;password
user-1752;password
user-1753;password
user-1754;password
user-1755;password
user-1756;password
user-1757;password
user-1758;password
user-1759;password
user-1760;password
user-1761;password
user-1762;password
user-1763;password
user-1764;password
user-1765;password
user-1766;password
user-1767;password
user-1768;password
user-1769;password
user-1770;password
user-1771;password
user-1772;password
user-1773;password
user-1774;password
user-1775;password
user-1776;password
user-1777;password
user-1778;password
user-1779;password
user-1780;password
user-1781;password
user-1782;password
user-1783;password
user-1784;password
user-1785;password
user-1786;password
user-1787;password
user-1788;password
user-1789;password
user-1790;password
user-1791;password
user-1792;password
user-1793;password
user-1794;password
user-1795;password
user-1796;password
user-1797;password
user-1798;password
user-1799;password
user-1800;password
user-1801;password
user-1802;password
user-1803;password
user-1804;password
user-1805;password
user-1806;password
user-1807;password
user-1808;password
user-1809;password
user-1810;password
user-1811;password
user-1812;password
user-1813;password
user-1814;password
user-1815;password
user-1816;password
user-1817;password
user-1818;password
user-1819;password
user-1820;password
user-1821;password
user-1822;password
user-1823;password
user-1824;password
user-1825;password
user-1826;password
user-1827;password
user-1828;password
user-1829;password
user-1830;password
user-1831;password
user-1832;password
user-1833;password
user-1834;password
user-1835;password
user-1836;password
user-1837;password
user-1838;password
user-1839;password
user-1840;password
user-1841;password
user-1842;password
user-1843;password
user-1844;password
user-1845;password
user-1846;password
user-1847;password
user-1848;password
user-1849;password
user-1850;password
user-1851;password
user-1852;password
user-1853;password
user-1854;password
user-1855;password
user-1856;password
user-1857;password
user-1858;password
user-1859;password
user-1860;password
user-1861;password
user-1862;password
user-1863;password
user-1864;password
user-1865;password
user-1866;password
user-1867;password
user-1868;password
user-1869;password
user-1870;password
user-1871;password
user-1872;password
user-1873;password
user-1874;password
user-1875;password
user-1876;password
user-1877;password
user-1878;password
user-1879;password
user-1880;password
user-1881;password
user-1882;password
user-1883;password
user-1884;password
user-1885;password
user-1886;password
user-1887;password
user-1888;password
user-1889;password
user-1890;password
user-1891;password
user-1892;password
user-1893;password
user-1894;password
user-1895;password
user-1896;password
user-1897;password
user-1898;password
user-1899;password
user-1900;password
user-1901;password
user-1902;password
user-1903;password
user-1904;password
user-1905;password
user-1906;password
user-1907;password
user-1908;password
user-1909;password
user-1910;password
user-1911;password
user-1912;password
user-1913;password
user-1914;password
user-1915;password
user-1916;password
user-1917;password
user-1918;password
user-1919;password
user-1920;password
user-1921;password
user-1922;password
user-1923;password
user-1924;password
user-1925;password
user-1926;password
user-1927;password
user-1928;password
user-1929;password
user-1930;password
user-1931;password
user-1932;password
user-1933;password
user-1934;password
user-1935;password
user-1936;password
user-1937;password
user-1938;password
user-1939;password
user-1940;password
user-1941;password
user-1942;password
user-1943;password
user-1944;password
user-1945;password
user-1946;password
user-1947;password
user-1948;password
user-1949;password
user-1950;password
user-1951;password
user-1952;password
user-1953;password
user-1954;password
user-1955;password
user-1956;password
user-1957;password
user-1958;password
user-1959;password
user-1960;password
user-1961;password
user-1962;password
user-1963;password
user-1964;password
user-1965;password
user-1966;password
user-1967;password
user-1968;password
user-1969;password
user-1970;password
user-1971;password
user-1972;password
user-1973;password
user-1974;password
user-1975;password
user-1976;password
user-1977;password
user-1978;password
user-1979;password
user-1980;password
user-1981;password
user-1982;password
user-1983;password
user-1984;password
user-1985;password
user-1986;password
user-1987;password
user-1988;password
user-1989;password
user-1990;password
user-1991;password
user-1992;password
user-1993;password
user-1994;password
user-1995;password
user-1996;password
user-1997;password
user-1998;password
user-1999;password
user-2000;password
user-2001;password
user-2002;password
user-2003;password
user-2004;password
user-2005;password
user-2006;password
user-2007;password
user-2008;password
user-2009;password
user-2010;password
user-2011;password
user-2012;password
user-2013;password
user-2014;password
user-2015;password
user-2016;password
user-2017;password
user-2018;password
user-2019;password
user-2020;password
user-2021;password
user-2022;password
user-2023;password
user-2024;password
user-2025;password
user-2026;password
user-2027;password
user-2028;password
user-2029;password
user-2030;password
user-2031;password
user-2032;password
user-2033;password
user-2034;password
user-2035;password
user-2036;password
user-2037;password
user-2038;password
user-2039;password
user-2040;password
user-2041;password
user-2042;password
user-2043;password
user-2044;password
user-2045;password
user-2046;password
user-2047;password
user-2048;password
user-2049;password
user-2050;password
user-2051;password
user-2052;password
user-2053;password
user-2054;password
user-2055;password
user-2056;password
user-2057;password
user-2058;password
user-2059;password
user-2060;password
user-2061;password
user-2062;password
user-2063;password
user-2064;password
user-2065;password
user-2066;password
user-2067;password
user-2068;password
user-2069;password
user-2070;password
user-2071;password
user-2072;password
user-2073;password
user-2074;password
user-2075;password
user-2076;password
user-2077;password
user-2078;password
user-2079;password
user-2080;password
user-2081;password
user-2082;password
user-2083;password
user-2084;password
user-2085;password
user-2086;password
user-2087;password
user-2088;password
user-2089;password
user-2090;password
user-2091;password
user-2092;password
user-2093;password
user-2094;password
user-2095;password
user-2096;password
user-2097;password
user-2098;password
user-2099;password
user-2100;password
user-2101;password
user-2102;password
user-2103;password
user-2104;password
user-2105;password
user-2106;password
user-2107;password
user-2108;password
user-2109;password
user-2110;password
user-2111;password
user-2112;password
user-2113;password
user-2114;password
user-2115;password
user-2116;password
user-2117;password
user-2118;password
user-2119;password
user-2120;password
user-2121;password
user-2122;password
user-2123;password
user-2124;password
user-2125;password
user-2126;password
user-2127;password
user-2128;password
user-2129;password
user-2130;password
user-2131;password
user-2132;password
user-2133;password
user-2134;password
user-2135;password
user-2136;password
user-2137;password
user-2138;password
user-2139;password
user-2140;password
user-2141;password
user-2142;password
user-2143;password
user-2144;password
user-2145;password
user-2146;password
user-2147;password
user-2148;password
user-2149;password
user-2150;password
user-2151;password
user-2152;password
user-2153;password
user-2154;password
user-2155;password
user-2156;password
user-2157;password
user-2158;password
user-2159;password
user-2160;password
user-2161;password
user-2162;password
user-2163;password
user-2164;password
user-2165;password
user-2166;password
user-2167;password
user-2168;password
user-2169;password
user-2170;password
user-2171;password
user-2172;password
user-2173;password
user-2174;password
user-2175;password
user-2176;password
user-2177;password
user-2178;password
user-2179;password
user-2180;password
user-2181;password
user-2182;password
user-2183;password
user-2184;password
user-2185;password
user-2186;password
user-2187;password
user-2188;password
user-2189;password
user-2190;password
user-2191;password
user-2192;password
user-2193;password
user-2194;password
user-2195;password
user-2196;password
user-2197;password
user-2198;password
user-2199;password
user-2200;password
user-2201;password
user-2202;password
user-2203;password
user-2204;password
user-2205;password
user-2206;password
user-2207;password
user-2208;password
user-2209;password
user-2210;password
user-2211;password
user-2212;password
user-2213;password
user-2214;password
user-2215;password
user-2216;password
user-2217;password
user-2218;password
user-2219;password
user-2220;password
user-2221;password
user-2222;password
user-2223;password
user-2224;password
user-2225;password
user-2226;password
user-2227;password
user-2228;password
user-2229;password
user-2230;password
user-2231;password
user-2232;password
user-2233;password
user-2234;password
user-2235;password
user-2236;password
user-2237;password
user-2238;password
user-2239;password
user-2240;password
user-2241;password
user-2242;password
user-2243;password
user-2244;password
user-2245;password
user-2246;password
user-2247;password
user-2248;password
user-2249;password
user-2250;password
user-2251;password
user-2252;password
user-2253;password
user-2254;password
user-2255;password
user-2256;password
user-2257;password
user-2258;password
user-2259;password
user-2260;password
user-2261;password
user-2262;password
user-2263;password
user-2264;password
user-2265;password
user-2266;password
user-2267;password
user-2268;password
user-2269;password
user-2270;password
user-2271;password
user-2272;password
user-2273;password
user-2274;password
user-2275;password
user-2276;password
user-2277;password
user-2278;password
user-2279;password
user-2280;password
user-2281;password
user-2282;password
user-2283;password
user-2284;password
user-2285;password
user-2286;password
user-2287;password
user-2288;password
user-2289;password
user-2290;password
user-2291;password
user-2292;password
user-2293;password
user-2294;password
user-2295;password
user-2296;password
user-2297;password
user-2298;password
user-2299;password
user-2300;password
user-2301;password
user-2302;password
user-2303;password
user-2304;password
user-2305;password
user-2306;password
user-2307;password
user-2308;password
user-2309;password
user-2310;password
user-2311;password
user-2312;password
user-2313;password
user-2314;password
user-2315;password
user-2316;password
user-2317;password
user-2318;password
user-2319;password
user-2320;password
user-2321;password
user-2322;password
user-2323;password
user-2324;password
user-2325;password
user-2326;password
user-2327;password
user-2328;password
user-2329;password
user-2330;password
user-2331;password
user-2332;password
user-2333;password
user-2334;password
user-2335;password
user-2336;password
user-2337;password
user-2338;password
user-2339;password
user-2340;password
user-2341;password
user-2342;password
user-2343;password
user-2344;password
user-2345;password
user-2346;password
user-2347;password
user-2348;password
user-2349;password
user-2350;password
user-2351;password
user-2352;password
user-2353;password
user-2354;password
user-2355;password
user-2356;password
user-2357;password
user-2358;password
user-2359;password
user-2360;password
user-2361;password
user-2362;password
user-2363;password
user-2364;password
user-2365;password
user-2366;password
user-2367;password
user-2368;password
user-2369;password
user-2370;password
user-2371;password
user-2372;password
user-2373;password
user-2374;password
user-2375;password
user-2376;password
user-2377;password
user-2378;password
user-2379;password
user-2380;password
user-2381;password
user-2382;password
user-2383;password
user-2384;password
user-2385;password
user-2386;password
user-2387;password
user-2388;password
user-2389;password
user-2390;password
user-2391;password
user-2392;password
user-2393;password
user-2394;password
user-2395;password
user-2396;password
user-2397;password
user-2398;password
user-2399;password
user-2400;password
user-2401;password
user-2402;password
user-2403;password
user-2404;password
user-2405;password
user-2406;password
user-2407;password
user-2408;password
user-2409;password
user-2410;password
user-2411;password
user-2412;password
user-2413;password
user-2414;password
user-2415;password
user-2416;password
user-2417;password
user-2418;password
user-2419;password
user-2420;password
user-2421;password
user-2422;password
user-2423;password
user-2424;password
user-2425;password
user-2426;password
user-2427;password
user-2428;password
user-2429;password
user-2430;password
user-2431;password
user-2432;password
user-2433;password
user-2434;password
user-2435;password
user-2436;password
user-2437;password
user-2438;password
user-2439;password
user-2440;password
user-2441;password
user-2442;password
user-2443;password
user-2444;password
user-2445;password
user-2446;password
user-2447;password
user-2448;password
user-2449;password
user-2450;password
user-2451;password
user-2452;password
user-2453;password
user-2454;password
user-2455;password
user-2456;password
user-2457;password
user-2458;password
user-2459;password
user-2460;password
user-2461;password
user-2462;password
user-2463;password
user-2464;password
user-2465;password
user-2466;password
user-2467;password
user-2468;password
user-2469;password
user-2470;password
user-2471;password
user-2472;password
user-2473;password
user-2474;password
user-2475;password
user-2476;password
user-2477;password
user-2478;password
user-2479;password
user-2480;password
user-2481;password
user-2482;password
user-2483;password
user-2484;password
user-2485;password
user-2486;password
user-2487;password
user-2488;password
user-2489;password
user-2490;password
user-2491;password
user-2492;password
user-2493;password
user-2494;password
user-2495;password
user-2496;password
user-2497;password
user-2498;password
user-2499;password
user-2500;password
user-2501;password
user-2502;password
user-2503;password
user-2504;password
user-2505;password
user-2506;password
user-2507;password
user-2508;password
user-2509;password
user-2510;password
user-2511;password
user-2512;password
user-2513;password
user-2514;password
user-2515;password
user-2516;password
user-2517;password
user-2518;password
user-2519;password
user-2520;password
user-2521;password
user-2522;password
user-2523;password
user-2524;password
user-2525;password
user-2526;password
user-2527;password
user-2528;password
user-2529;password
user-2530;password
user-2531;password
user-2532;password
user-2533;password
user-2534;password
user-2535;password
user-2536;password
user-2537;password
user-2538;password
user-2539;password
user-2540;password
user-2541;password
user-2542;password
user-2543;password
user-2544;password
user-2545;password
user-2546;password
user-2547;password
user-2548;password
user-2549;password
user-2550;password
user-2551;password
user-2552;password
user-2553;password
user-2554;password
user-2555;password
user-2556;password
user-2557;password
user-2558;password
user-2559;password
user-2560;password
user-2561;password
user-2562;password
user-2563;password
user-2564;password
user-2565;password
user-2566;password
user-2567;password
user-2568;password
user-2569;password
user-2570;password
user-2571;password
user-2572;password
user-2573;password
user-2574;password
user-2575;password
user-2576;password
user-2577;password
user-2578;password
user-2579;password
user-2580;password
user-2581;password
user-2582;password
user-2583;password
user-2584;password
user-2585;password
user-2586;password
user-2587;password
user-2588;password
user-2589;password
user-2590;password
user-2591;password
user-2592;password
user-2593;password
user-2594;password
user-2595;password
user-2596;password
user-2597;password
user-2598;password
user-2599;password
user-2600;password
user-2601;password
user-2602;password
user-2603;password
user-2604;password
user-2605;password
user-2606;password
user-2607;password
user-2608;password
user-2609;password
user-2610;password
user-2611;password
user-2612;password
user-2613;password
user-2614;password
user-2615;password
user-2616;password
user-2617;password
user-2618;password
user-2619;password
user-2620;password
user-2621;password
user-2622;password
user-2623;password
user-2624;password
user-2625;password
user-2626;password
user-2627;password
user-2628;password
user-2629;password
user-2630;password
user-2631;password
user-2632;password
user-2633;password
user-2634;password
user-2635;password
user-2636;password
user-2637;password
user-2638;password
user-2639;password
user-2640;password
user-2641;password
user-2642;password
user-2643;password
user-2644;password
user-2645;password
user-2646;password
user-2647;password
user-2648;password
user-2649;password
user-2650;password
user-2651;password
user-2652;password
user-2653;password
user-2654;password
user-2655;password
user-2656;password
user-2657;password
user-2658;password
user-2659;password
user-2660;password
user-2661;password
user-2662;password
user-2663;password
user-2664;password
user-2665;password
user-2666;password
user-2667;password
user-2668;password
user-2669;password
user-2670;password
user-2671;password
user-2672;password
user-2673;password
user-2674;password
user-2675;password
user-2676;password
user-2677;password
user-2678;password
user-2679;password
user-2680;password
user-2681;password
user-2682;password
user-2683;password
user-2684;password
user-2685;password
user-2686;password
user-2687;password
user-2688;password
user-2689;password
user-2690;password
user-2691;password
user-2692;password
user-2693;password
user-2694;password
user-2695;password
user-2696;password
user-2697;password
user-2698;password
user-2699;password
user-2700;password
user-2701;password
user-2702;password
user-2703;password
user-2704;password
user-2705;password
user-2706;password
user-2707;password
user-2708;password
user-2709;password
user-2710;password
user-2711;password
user-2712;password
user-2713;password
user-2714;password
user-2715;password
user-2716;password
user-2717;password
user-2718;password
user-2719;password
user-2720;password
user-2721;password
user-2722;password
user-2723;password
user-2724;password
user-2725;password
user-2726;password
user-2727;password
user-2728;password
user-2729;password
user-2730;password
user-2731;password
user-2732;password
user-2733;password
user-2734;password
user-2735;password
user-2736;password
user-2737;password
user-2738;password
user-2739;password
user-2740;password
user-2741;password
user-2742;password
user-2743;password
user-2744;password
user-2745;password
user-2746;password
user-2747;password
user-2748;password
user-2749;password
user-2750;password
user-2751;password
user-2752;password
user-2753;password
user-2754;password
user-2755;password
user-2756;password
user-2757;password
user-2758;password
user-2759;password
user-2760;password
user-2761;password
user-2762;password
user-2763;password
user-2764;password
user-2765;password
user-2766;password
user-2767;password
user-2768;password
user-2769;password
user-2770;password
user-2771;password
user-2772;password
user-2773;password
user-2774;password
user-2775;password
user-2776;password
user-2777;password
user-2778;password
user-2779;password
user-2780;password
user-2781;password
user-2782;password
user-2783;password
user-2784;password
user-2785;password
user-2786;password
user-2787;password
user-2788;password
user-2789;password
user-2790;password
user-2791;password
user-2792;password
user-2793;password
user-2794;password
user-2795;password
user-2796;password
user-2797;password
user-2798;password
user-2799;password
user-2800;password
user-2801;password
user-2802;password
user-2803;password
user-2804;password
user-2805;password
user-2806;password
user-2807;password
user-2808;password
user-2809;password
user-2810;password
user-2811;password
user-2812;password
user-2813;password
user-2814;password
user-2815;password
user-2816;password
user-2817;password
user-2818;password
user-2819;password
user-2820;password
user-2821;password
user-2822;password
user-2823;password
user-2824;password
user-2825;password
user-2826;password
user-2827;password
user-2828;password
user-2829;password
user-2830;password
user-2831;password
user-2832;password
user-2833;password
user-2834;password
user-2835;password
user-2836;password
user-2837;password
user-2838;password
user-2839;password
user-2840;password
user-2841;password
user-2842;password
user-2843;password
user-2844;password
user-2845;password
user-2846;password
user-2847;password
user-2848;password
user-2849;password
user-2850;password
user-2851;password
user-2852;password
user-2853;password
user-2854;password
user-2855;password
user-2856;password
user-2857;password
user-2858;password
user-2859;password
user-2860;password
user-2861;password
user-2862;password
user-2863;password
user-2864;password
user-2865;password
user-2866;password
user-2867;password
user-2868;password
user-2869;password
user-2870;password
user-2871;password
user-2872;password
user-2873;password
user-2874;password
user-2875;password
user-2876;password
user-2877;password
user-2878;password
user-2879;password
user-2880;password
user-2881;password
user-2882;password
user-2883;password
user-2884;password
user-2885;password
user-2886;password
user-2887;password
user-2888;password
user-2889;password
user-2890;password
user-2891;password
user-2892;password
user-2893;password
user-2894;password
user-2895;password
user-2896;password
user-2897;password
user-2898;password
user-2899;password
user-2900;password
user-2901;password
user-2902;password
user-2903;password
user-2904;password
user-2905;password
user-2906;password
user-2907;password
user-2908;password
user-2909;password
user-2910;password
user-2911;password
user-2912;password
user-2913;password
user-2914;password
user-2915;password
user-2916;password
user-2917;password
user-2918;password
user-2919;password
user-2920;password
user-2921;password
user-2922;password
user-2923;password
user-2924;password
user-2925;password
user-2926;password
user-2927;password
user-2928;password
user-2929;password
user-2930;password
user-2931;password
user-2932;password
user-2933;password
user-2934;password
user-2935;password
user-2936;password
user-2937;password
user-2938;password
user-2939;password
user-2940;password
user-2941;password
user-2942;password
user-2943;password
user-2944;password
user-2945;password
user-2946;password
user-2947;password
user-2948;password
user-2949;password
user-2950;password
user-2951;password
user-2952;password
user-2953;password
user-2954;password
user-2955;password
user-2956;password
user-2957;password
user-2958;password
user-2959;password
user-2960;password
user-2961;password
user-2962;password
user-2963;password
user-2964;password
user-2965;password
user-2966;password
user-2967;password
user-2968;password
user-2969;password
user-2970;password
user-2971;password
user-2972;password
user-2973;password
user-2974;password
user-2975;password
user-2976;password
user-2977;password
user-2978;password
user-2979;password
user-2980;password
user-2981;password
user-2982;password
user-2983;password
user-2984;password
user-2985;password
user-2986;password
user-2987;password
user-2988;password
user-2989;password
user-2990;password
user-2991;password
user-2992;password
user-2993;password
user-2994;password
user-2995;password
user-2996;password
user-2997;password
user-2998;password
user-2999;password
user-3000;password
user-3001;password
user-3002;password
user-3003;password
user-3004;password
user-3005;password
user-3006;password
user-3007;password
user-3008;password
user-3009;password
user-3010;password
user-3011;password
user-3012;password
user-3013;password
user-3014;password
user-3015;password
user-3016;password
user-3017;password
user-3018;password
user-3019;password
user-3020;password
user-3021;password
user-3022;password
user-3023;password
user-3024;password
user-3025;password
user-3026;password
user-3027;password
user-3028;password
user-3029;password
user-3030;password
user-3031;password
user-3032;password
user-3033;password
user-3034;password
user-3035;password
user-3036;password
user-3037;password
user-3038;password
user-3039;password
user-3040;password
user-3041;password
user-3042;password
user-3043;password
user-3044;password
user-3045;password
user-3046;password
user-3047;password
user-3048;password
user-3049;password
user-3050;password
user-3051;password
user-3052;password
user-3053;password
user-3054;password
user-3055;password
user-3056;password
user-3057;password
user-3058;password
user-3059;password
user-3060;password
user-3061;password
user-3062;password
user-3063;password
user-3064;password
user-3065;password
user-3066;password
user-3067;password
user-3068;password
user-3069;password
user-3070;password
user-3071;password
user-3072;password
user-3073;password
user-3074;password
user-3075;password
user-3076;password
user-3077;password
user-3078;password
user-3079;password
user-3080;password
user-3081;password
user-3082;password
user-3083;password
user-3084;password
user-3085;password
user-3086;password
user-3087;password
user-3088;password
user-3089;password
user-3090;password
user-3091;password
user-3092;password
user-3093;password
user-3094;password
user-3095;password
user-3096;password
user-3097;password
user-3098;password
user-3099;password
user-3100;password
user-3101;password
user-3102;password
user-3103;password
user-3104;password
user-3105;password
user-3106;password
user-3107;password
user-3108;password
user-3109;password
user-3110;password
user-3111;password
user-3112;password
user-3113;password
user-3114;password
user-3115;password
user-3116;password
user-3117;password
user-3118;password
user-3119;password
user-3120;password
user-3121;password
user-3122;password
user-3123;password
user-3124;password
user-3125;password
user-3126;password
user-3127;password
user-3128;password
user-3129;password
user-3130;password
user-3131;password
user-3132;password
user-3133;password
user-3134;password
user-3135;password
user-3136;password
user-3137;password
user-3138;password
user-3139;password
user-3140;password
user-3141;password
user-3142;password
user-3143;password
user-3144;password
user-3145;password
user-3146;password
user-3147;password
user-3148;password
user-3149;password
user-3150;password
user-3151;password
user-3152;password
user-3153;password
user-3154;password
user-3155;password
user-3156;password
user-3157;password
user-3158;password
user-3159;password
user-3160;password
user-3161;password
user-3162;password
user-3163;password
user-3164;password
user-3165;password
user-3166;password
user-3167;password
user-3168;password
user-3169;password
user-3170;password
user-3171;password
user-3172;password
user-3173;password
user-3174;password
user-3175;password
user-3176;password
user-3177;password
user-3178;password
user-3179;password
user-3180;password
user-3181;password
user-3182;password
user-3183;password
user-3184;password
user-3185;password
user-3186;password
user-3187;password
user-3188;password
user-3189;password
user-3190;password
user-3191;password
user-3192;password
user-3193;password
user-3194;password
user-3195;password
user-3196;password
user-3197;password
user-3198;password
user-3199;password
user-3200;password
user-3201;password
user-3202;password
user-3203;password
user-3204;password
user-3205;password
user-3206;password
user-3207;password
user-3208;password
user-3209;password
user-3210;password
user-3211;password
user-3212;password
user-3213;password
user-3214;password
user-3215;password
user-3216;password
user-3217;password
user-3218;password
user-3219;password
user-3220;password
user-3221;password
user-3222;password
user-3223;password
user-3224;password
user-3225;password
user-3226;password
user-3227;password
user-3228;password
user-3229;password
user-3230;password
user-3231;password
user-3232;password
user-3233;password
user-3234;password
user-3235;password
user-3236;password
user-3237;password
user-3238;password
user-3239;password
user-3240;password
user-3241;password
user-3242;password
user-3243;password
user-3244;password
user-3245;password
user-3246;password
user-3247;password
user-3248;password
user-3249;password
user-3250;password
user-3251;password
user-3252;password
user-3253;password
user-3254;password
user-3255;password
user-3256;password
user-3257;password
user-3258;password
user-3259;password
user-3260;password
user-3261;password
user-3262;password
user-3263;password
user-3264;password
user-3265;password
user-3266;password
user-3267;password
user-3268;password
user-3269;password
user-3270;password
user-3271;password
user-3272;password
user-3273;password
user-3274;password
user-3275;password
user-3276;password
user-3277;password
user-3278;password
user-3279;password
user-3280;password
user-3281;password
user-3282;password
user-3283;password
user-3284;password
user-3285;password
user-3286;password
user-3287;password
user-3288;password
user-3289;password
user-3290;password
user-3291;password
user-3292;password
user-3293;password
user-3294;password
user-3295;password
user-3296;password
user-3297;password
user-3298;password
user-3299;password
user-3300;password
user-3301;password
user-3302;password
user-3303;password
user-3304;password
user-3305;password
user-3306;password
user-3307;password
user-3308;password
user-3309;password
user-3310;password
user-3311;password
user-3312;password
user-3313;password
user-3314;password
user-3315;password
user-3316;password
user-3317;password
user-3318;password
user-3319;password
user-3320;password
user-3321;password
user-3322;password
user-3323;password
user-3324;password
user-3325;password
user-3326;password
user-3327;password
user-3328;password
user-3329;password
user-3330;password
user-3331;password
user-3332;password
user-3333;password
user-3334;password
user-3335;password
user-3336;password
user-3337;password
user-3338;password
user-3339;password
user-3340;password
user-3341;password
user-3342;password
user-3343;password
user-3344;password
user-3345;password
user-3346;password
user-3347;password
user-3348;password
user-3349;password
user-3350;password
user-3351;password
user-3352;password
user-3353;password
user-3354;password
user-3355;password
user-3356;password
user-3357;password
user-3358;password
user-3359;password
user-3360;password
user-3361;password
user-3362;password
user-3363;password
user-3364;password
user-3365;password
user-3366;password
user-3367;password
user-3368;password
user-3369;password
user-3370;password
user-3371;password
user-3372;password
user-3373;password
user-3374;password
user-3375;password
user-3376;password
user-3377;password
user-3378;password
user-3379;password
user-3380;password
user-3381;password
user-3382;password
user-3383;password
user-3384;password
user-3385;password
user-3386;password
user-3387;password
user-3388;password
user-3389;password
user-3390;password
user-3391;password
user-3392;password
user-3393;password
user-3394;password
user-3395;password
user-3396;password
user-3397;password
user-3398;password
user-3399;password
user-3400;password
user-3401;password
user-3402;password
user-3403;password
user-3404;password
user-3405;password
user-3406;password
user-3407;password
user-3408;password
user-3409;password
user-3410;password
user-3411;password
user-3412;password
user-3413;password
user-3414;password
user-3415;password
user-3416;password
user-3417;password
user-3418;password
user-3419;password
user-3420;password
user-3421;password
user-3422;password
user-3423;password
user-3424;password
user-3425;password
user-3426;password
user-3427;password
user-3428;password
user-3429;password
user-3430;password
user-3431;password
user-3432;password
user-3433;password
user-3434;password
user-3435;password
user-3436;password
user-3437;password
user-3438;password
user-3439;password
user-3440;password
user-3441;password
user-3442;password
user-3443;password
user-3444;password
user-3445;password
user-3446;password
user-3447;password
user-3448;password
user-3449;password
user-3450;password
user-3451;password
user-3452;password
user-3453;password
user-3454;password
user-3455;password
user-3456;password
user-3457;password
user-3458;password
user-3459;password
user-3460;password
user-3461;password
user-3462;password
user-3463;password
user-3464;password
user-3465;password
user-3466;password
user-3467;password
user-3468;password
user-3469;password
user-3470;password
user-3471;password
user-3472;password
user-3473;password
user-3474;password
user-3475;password
user-3476;password
user-3477;password
user-3478;password
user-3479;password
user-3480;password
user-3481;password
user-3482;password
user-3483;password
user-3484;password
user-3485;password
user-3486;password
user-3487;password
user-3488;password
user-3489;password
user-3490;password
user-3491;password
user-3492;password
user-3493;password
user-3494;password
user-3495;password
user-3496;password
user-3497;password
user-3498;password
user-3499;password
user-3500;password
user-3501;password
user-3502;password
user-3503;password
user-3504;password
user-3505;password
user-3506;password
user-3507;password
user-3508;password
user-3509;password
user-3510;password
user-3511;password
user-3512;password
user-3513;password
user-3514;password
user-3515;password
user-3516;password
user-3517;password
user-3518;password
user-3519;password
user-3520;password
user-3521;password
user-3522;password
user-3523;password
user-3524;password
user-3525;password
user-3526;password
user-3527;password
user-3528;password
user-3529;password
user-3530;password
user-3531;password
user-3532;password
user-3533;password
user-3534;password
user-3535;password
user-3536;password
user-3537;password
user-3538;password
user-3539;password
user-3540;password
user-3541;password
user-3542;password
user-3543;password
user-3544;password
user-3545;password
user-3546;password
user-3547;password
user-3548;password
user-3549;password
user-3550;password
user-3551;password
user-3552;password
user-3553;password
user-3554;password
user-3555;password
user-3556;password
user-3557;password
user-3558;password
user-3559;password
user-3560;password
user-3561;password
user-3562;password
user-3563;password
user-3564;password
user-3565;password
user-3566;password
user-3567;password
user-3568;password
user-3569;password
user-3570;password
user-3571;password
user-3572;password
user-3573;password
user-3574;password
user-3575;password
user-3576;password
user-3577;password
user-3578;password
user-3579;password
user-3580;password
user-3581;password
user-3582;password
user-3583;password
user-3584;password
user-3585;password
user-3586;password
user-3587;password
user-3588;password
user-3589;password
user-3590;password
user-3591;password
user-3592;password
user-3593;password
user-3594;password
user-3595;password
user-3596;password
user-3597;password
user-3598;password
user-3599;password
user-3600;password
user-3601;password
user-3602;password
user-3603;password
user-3604;password
user-3605;password
user-3606;password
user-3607;password
user-3608;password
user-3609;password
user-3610;password
user-3611;password
user-3612;password
user-3613;password
user-3614;password
user-3615;password
user-3616;password
user-3617;password
user-3618;password
user-3619;password
user-3620;password
user-3621;password
user-3622;password
user-3623;password
user-3624;password
user-3625;password
user-3626;password
user-3627;password
user-3628;password
user-3629;password
user-3630;password
user-3631;password
user-3632;password
user-3633;password
user-3634;password
user-3635;password
user-3636;password
user-3637;password
user-3638;password
user-3639;password
user-3640;password
user-3641;password
user-3642;password
user-3643;password
user-3644;password
user-3645;password
user-3646;password
user-3647;password
user-3648;password
user-3649;password
user-3650;password
user-3651;password
user-3652;password
user-3653;password
user-3654;password
user-3655;password
user-3656;password
user-3657;password
user-3658;password
user-3659;password
user-3660;password
user-3661;password
user-3662;password
user-3663;password
user-3664;password
user-3665;password
user-3666;password
user-3667;password
user-3668;password
user-3669;password
user-3670;password
user-3671;password
user-3672;password
user-3673;password
user-3674;password
user-3675;password
user-3676;password
user-3677;password
user-3678;password
user-3679;password
user-3680;password
user-3681;password
user-3682;password
user-3683;password
user-3684;password
user-3685;password
user-3686;password
user-3687;password
user-3688;password
user-3689;password
user-3690;password
user-3691;password
user-3692;password
user-3693;password
user-3694;password
user-3695;password
user-3696;password
user-3697;password
user-3698;password
user-3699;password
user-3700;password
user-3701;password
user-3702;password
user-3703;password
user-3704;password
user-3705;password
user-3706;password
user-3707;password
user-3708;password
user-3709;password
user-3710;password
user-3711;password
user-3712;password
user-3713;password
user-3714;password
user-3715;password
user-3716;password
user-3717;password
user-3718;password
user-3719;password
user-3720;password
user-3721;password
user-3722;password
user-3723;password
user-3724;password
user-3725;password
user-3726;password
user-3727;password
user-3728;password
user-3729;password
user-3730;password
user-3731;password
user-3732;password
user-3733;password
user-3734;password
user-3735;password
user-3736;password
user-3737;password
user-3738;password
user-3739;password
user-3740;password
user-3741;password
user-3742;password
user-3743;password
user-3744;password
user-3745;password
user-3746;password
user-3747;password
user-3748;password
user-3749;password
user-3750;password
user-3751;password
user-3752;password
user-3753;password
user-3754;password
user-3755;password
user-3756;password
user-3757;password
user-3758;password
user-3759;password
user-3760;password
user-3761;password
user-3762;password
user-3763;password
user-3764;password
user-3765;password
user-3766;password
user-3767;password
user-3768;password
user-3769;password
user-3770;password
user-3771;password
user-3772;password
user-3773;password
user-3774;password
user-3775;password
user-3776;password
user-3777;password
user-3778;password
user-3779;password
user-3780;password
user-3781;password
user-3782;password
user-3783;password
user-3784;password
user-3785;password
user-3786;password
user-3787;password
user-3788;password
user-3789;password
user-3790;password
user-3791;password
user-3792;password
user-3793;password
user-3794;password
user-3795;password
user-3796;password
user-3797;password
user-3798;password
user-3799;password
user-3800;password
user-3801;password
user-3802;password
user-3803;password
user-3804;password
user-3805;password
user-3806;password
user-3807;password
user-3808;password
user-3809;password
user-3810;password
user-3811;password
user-3812;password
user-3813;password
user-3814;password
user-3815;password
user-3816;password
user-3817;password
user-3818;password
user-3819;password
user-3820;password
user-3821;password
user-3822;password
user-3823;password
user-3824;password
user-3825;password
user-3826;password
user-3827;password
user-3828;password
user-3829;password
user-3830;password
user-3831;password
user-3832;password
user-3833;password
user-3834;password
user-3835;password
user-3836;password
user-3837;password
user-3838;password
user-3839;password
user-3840;password
user-3841;password
user-3842;password
user-3843;password
user-3844;password
user-3845;password
user-3846;password
user-3847;password
user-3848;password
user-3849;password
user-3850;password
user-3851;password
user-3852;password
user-3853;password
user-3854;password
user-3855;password
user-3856;password
user-3857;password
user-3858;password
user-3859;password
user-3860;password
user-3861;password
user-3862;password
user-3863;password
user-3864;password
user-3865;password
user-3866;password
user-3867;password
user-3868;password
user-3869;password
user-3870;password
user-3871;password
user-3872;password
user-3873;password
user-3874;password
user-3875;password
user-3876;password
user-3877;password
user-3878;password
user-3879;password
user-3880;password
user-3881;password
user-3882;password
user-3883;password
user-3884;password
user-3885;password
user-3886;password
user-3887;password
user-3888;password
user-3889;password
user-3890;password
user-3891;password
user-3892;password
user-3893;password
user-3894;password
user-3895;password
user-3896;password
user-3897;password
user-3898;password
user-3899;password
user-3900;password
user-3901;password
user-3902;password
user-3903;password
user-3904;password
user-3905;password
user-3906;password
user-3907;password
user-3908;password
user-3909;password
user-3910;password
user-3911;password
user-3912;password
user-3913;password
user-3914;password
user-3915;password
user-3916;password
user-3917;password
user-3918;password
user-3919;password
user-3920;password
user-3921;password
user-3922;password
user-3923;password
user-3924;password
user-3925;password
user-3926;password
user-3927;password
user-3928;password
user-3929;password
user-3930;password
user-3931;password
user-3932;password
user-3933;password
user-3934;password
user-3935;password
user-3936;password
user-3937;password
user-3938;password
user-3939;password
user-3940;password
user-3941;password
user-3942;password
user-3943;password
user-3944;password
user-3945;password
user-3946;password
user-3947;password
user-3948;password
user-3949;password
user-3950;password
user-3951;password
user-3952;password
user-3953;password
user-3954;password
user-3955;password
user-3956;password
user-3957;password
user-3958;password
user-3959;password
user-3960;password
user-3961;password
user-3962;password
user-3963;password
user-3964;password
user-3965;password
user-3966;password
user-3967;password
user-3968;password
user-3969;password
user-3970;password
user-3971;password
user-3972;password
user-3973;password
user-3974;password
user-3975;password
user-3976;password
user-3977;password
user-3978;password
user-3979;password
user-3980;password
user-3981;password
user-3982;password
user-3983;password
user-3984;password
user-3985;password
user-3986;password
user-3987;password
user-3988;password
user-3989;password
user-3990;password
user-3991;password
user-3992;password
user-3993;password
user-3994;password
user-3995;password
user-3996;password
user-3997;password
user-3998;password
user-3999;password
user-4000;password
user-4001;password
user-4002;password
user-4003;password
user-4004;password
user-4005;password
user-4006;password
user-4007;password
user-4008;password
user-4009;password
user-4010;password
user-4011;password
user-4012;password
user-4013;password
user-4014;password
user-4015;password
user-4016;password
user-4017;password
user-4018;password
user-4019;password
user-4020;password
user-4021;password
user-4022;password
user-4023;password
user-4024;password
user-4025;password
user-4026;password
user-4027;password
user-4028;password
user-4029;password
user-4030;password
user-4031;password
user-4032;password
user-4033;password
user-4034;password
user-4035;password
user-4036;password
user-4037;password
user-4038;password
user-4039;password
user-4040;password
user-4041;password
user-4042;password
user-4043;password
user-4044;password
user-4045;password
user-4046;password
user-4047;password
user-4048;password
user-4049;password
user-4050;password
user-4051;password
user-4052;password
user-4053;password
user-4054;password
user-4055;password
user-4056;password
user-4057;password
user-4058;password
user-4059;password
user-4060;password
user-4061;password
user-4062;password
user-4063;password
user-4064;password
user-4065;password
user-4066;password
user-4067;password
user-4068;password
user-4069;password
user-4070;password
user-4071;password
user-4072;password
user-4073;password
user-4074;password
user-4075;password
user-4076;password
user-4077;password
user-4078;password
user-4079;password
user-4080;password
user-4081;password
user-4082;password
user-4083;password
user-4084;password
user-4085;password
user-4086;password
user-4087;password
user-4088;password
user-4089;password
user-4090;password
user-4091;password
user-4092;password
user-4093;password
user-4094;password
user-4095;password
user-4096;password
user-4097;password
user-4098;password
user-4099;password
user-4100;password
user-4101;password
user-4102;password
user-4103;password
user-4104;password
user-4105;password
user-4106;password
user-4107;password
user-4108;password
user-4109;password
user-4110;password
user-4111;password
user-4112;password
user-4113;password
user-4114;password
user-4115;password
user-4116;password
user-4117;password
user-4118;password
user-4119;password
user-4120;password
user-4121;password
user-4122;password
user-4123;password
user-4124;password
user-4125;password
user-4126;password
user-4127;password
user-4128;password
user-4129;password
user-4130;password
user-4131;password
user-4132;password
user-4133;password
user-4134;password
user-4135;password
user-4136;password
user-4137;password
user-4138;password
user-4139;password
user-4140;password
user-4141;password
user-4142;password
user-4143;password
user-4144;password
user-4145;password
user-4146;password
user-4147;password
user-4148;password
user-4149;password
user-4150;password
user-4151;password
user-4152;password
user-4153;password
user-4154;password
user-4155;password
user-4156;password
user-4157;password
user-4158;password
user-4159;password
user-4160;password
user-4161;password
user-4162;password
user-4163;password
user-4164;password
user-4165;password
user-4166;password
user-4167;password
user-4168;password
user-4169;password
user-4170;password
user-4171;password
user-4172;password
user-4173;password
user-4174;password
user-4175;password
user-4176;password
user-4177;password
user-4178;password
user-4179;password
user-4180;password
user-4181;password
user-4182;password
user-4183;password
user-4184;password
user-4185;password
user-4186;password
user-4187;password
user-4188;password
user-4189;password
user-4190;password
user-4191;password
user-4192;password
user-4193;password
user-4194;password
user-4195;password
user-4196;password
user-4197;password
user-4198;password
user-4199;password
user-4200;password
user-4201;password
user-4202;password
user-4203;password
user-4204;password
user-4205;password
user-4206;password
user-4207;password
user-4208;password
user-4209;password
user-4210;password
user-4211;password
user-4212;password
user-4213;password
user-4214;password
user-4215;password
user-4216;password
user-4217;password
user-4218;password
user-4219;password
user-4220;password
user-4221;password
user-4222;password
user-4223;password
user-4224;password
user-4225;password
user-4226;password
user-4227;password
user-4228;password
user-4229;password
user-4230;password
user-4231;password
user-4232;password
user-4233;password
user-4234;password
user-4235;password
user-4236;password
user-4237;password
user-4238;password
user-4239;password
user-4240;password
user-4241;password
user-4242;password
user-4243;password
user-4244;password
user-4245;password
user-4246;password
user-4247;password
user-4248;password
user-4249;password
user-4250;password
user-4251;password
user-4252;password
user-4253;password
user-4254;password
user-4255;password
user-4256;password
user-4257;password
user-4258;password
user-4259;password
user-4260;password
user-4261;password
user-4262;password
user-4263;password
user-4264;password
user-4265;password
user-4266;password
user-4267;password
user-4268;password
user-4269;password
user-4270;password
user-4271;password
user-4272;password
user-4273;password
user-4274;password
user-4275;password
user-4276;password
user-4277;password
user-4278;password
user-4279;password
user-4280;password
user-4281;password
user-4282;password
user-4283;password
user-4284;password
user-4285;password
user-4286;password
user-4287;password
user-4288;password
user-4289;password
user-4290;password
user-4291;password
user-4292;password
user-4293;password
user-4294;password
user-4295;password
user-4296;password
user-4297;password
user-4298;password
user-4299;password
user-4300;password
user-4301;password
user-4302;password
user-4303;password
user-4304;password
user-4305;password
user-4306;password
user-4307;password
user-4308;password
user-4309;password
user-4310;password
user-4311;password
user-4312;password
user-4313;password
user-4314;password
user-4315;password
user-4316;password
user-4317;password
user-4318;password
user-4319;password
user-4320;password
user-4321;password
user-4322;password
user-4323;password
user-4324;password
user-4325;password
user-4326;password
user-4327;password
user-4328;password
user-4329;password
user-4330;password
user-4331;password
user-4332;password
user-4333;password
user-4334;password
user-4335;password
user-4336;password
user-4337;password
user-4338;password
user-4339;password
user-4340;password
user-4341;password
user-4342;password
user-4343;password
user-4344;password
user-4345;password
user-4346;password
user-4347;password
user-4348;password
user-4349;password
user-4350;password
user-4351;password
user-4352;password
user-4353;password
user-4354;password
user-4355;password
user-4356;password
user-4357;password
user-4358;password
user-4359;password
user-4360;password
user-4361;password
user-4362;password
user-4363;password
user-4364;password
user-4365;password
user-4366;password
user-4367;password
user-4368;password
user-4369;password
user-4370;password
user-4371;password
user-4372;password
user-4373;password
user-4374;password
user-4375;password
user-4376;password
user-4377;password
user-4378;password
user-4379;password
user-4380;password
user-4381;password
user-4382;password
user-4383;password
user-4384;password
user-4385;password
user-4386;password
user-4387;password
user-4388;password
user-4389;password
user-4390;password
user-4391;password
user-4392;password
user-4393;password
user-4394;password
user-4395;password
user-4396;password
user-4397;password
user-4398;password
user-4399;password
user-4400;password
user-4401;password
user-4402;password
user-4403;password
user-4404;password
user-4405;password
user-4406;password
user-4407;password
user-4408;password
user-4409;password
user-4410;password
user-4411;password
user-4412;password
user-4413;password
user-4414;password
user-4415;password
user-4416;password
user-4417;password
user-4418;password
user-4419;password
user-4420;password
user-4421;password
user-4422;password
user-4423;password
user-4424;password
user-4425;password
user-4426;password
user-4427;password
user-4428;password
user-4429;password
user-4430;password
user-4431;password
user-4432;password
user-4433;password
user-4434;password
user-4435;password
user-4436;password
user-4437;password
user-4438;password
user-4439;password
user-4440;password
user-4441;password
user-4442;password
user-4443;password
user-4444;password
user-4445;password
user-4446;password
user-4447;password
user-4448;password
user-4449;password
user-4450;password
user-4451;password
user-4452;password
user-4453;password
user-4454;password
user-4455;password
user-4456;password
user-4457;password
user-4458;password
user-4459;password
user-4460;password
user-4461;password
user-4462;password
user-4463;password
user-4464;password
user-4465;password
user-4466;password
user-4467;password
user-4468;password
user-4469;password
user-4470;password
user-4471;password
user-4472;password
user-4473;password
user-4474;password
user-4475;password
user-4476;password
user-4477;password
user-4478;password
user-4479;password
user-4480;password
user-4481;password
user-4482;password
user-4483;password
user-4484;password
user-4485;password
user-4486;password
user-4487;password
user-4488;password
user-4489;password
user-4490;password
user-4491;password
user-4492;password
user-4493;password
user-4494;password
user-4495;password
user-4496;password
user-4497;password
user-4498;password
user-4499;password
user-4500;password
user-4501;password
user-4502;password
user-4503;password
user-4504;password
user-4505;password
user-4506;password
user-4507;password
user-4508;password
user-4509;password
user-4510;password
user-4511;password
user-4512;password
user-4513;password
user-4514;password
user-4515;password
user-4516;password
user-4517;password
user-4518;password
user-4519;password
user-4520;password
user-4521;password
user-4522;password
user-4523;password
user-4524;password
user-4525;password
user-4526;password
user-4527;password
user-4528;password
user-4529;password
user-4530;password
user-4531;password
user-4532;password
user-4533;password
user-4534;password
user-4535;password
user-4536;password
user-4537;password
user-4538;password
user-4539;password
user-4540;password
user-4541;password
user-4542;password
user-4543;password
user-4544;password
user-4545;password
user-4546;password
user-4547;password
user-4548;password
user-4549;password
user-4550;password
user-4551;password
user-4552;password
user-4553;password
user-4554;password
user-4555;password
user-4556;password
user-4557;password
user-4558;password
user-4559;password
user-4560;password
user-4561;password
user-4562;password
user-4563;password
user-4564;password
user-4565;password
user-4566;password
user-4567;password
user-4568;password
user-4569;password
user-4570;password
user-4571;password
user-4572;password
user-4573;password
user-4574;password
user-4575;password
user-4576;password
user-4577;password
user-4578;password
user-4579;password
user-4580;password
user-4581;password
user-4582;password
user-4583;password
user-4584;password
user-4585;password
user-4586;password
user-4587;password
user-4588;password
user-4589;password
user-4590;password
user-4591;password
user-4592;password
user-4593;password
user-4594;password
user-4595;password
user-4596;password
user-4597;password
user-4598;password
user-4599;password
user-4600;password
user-4601;password
user-4602;password
user-4603;password
user-4604;password
user-4605;password
user-4606;password
user-4607;password
user-4608;password
user-4609;password
user-4610;password
user-4611;password
user-4612;password
user-4613;password
user-4614;password
user-4615;password
user-4616;password
user-4617;password
user-4618;password
user-4619;password
user-4620;password
user-4621;password
user-4622;password
user-4623;password
user-4624;password
user-4625;password
user-4626;password
user-4627;password
user-4628;password
user-4629;password
user-4630;password
user-4631;password
user-4632;password
user-4633;password
user-4634;password
user-4635;password
user-4636;password
user-4637;password
user-4638;password
user-4639;password
user-4640;password
user-4641;password
user-4642;password
user-4643;password
user-4644;password
user-4645;password
user-4646;password
user-4647;password
user-4648;password
user-4649;password
user-4650;password
user-4651;password
user-4652;password
user-4653;password
user-4654;password
user-4655;password
user-4656;password
user-4657;password
user-4658;password
user-4659;password
user-4660;password
user-4661;password
user-4662;password
user-4663;password
user-4664;password
user-4665;password
user-4666;password
user-4667;password
user-4668;password
user-4669;password
user-4670;password
user-4671;password
user-4672;password
user-4673;password
user-4674;password
user-4675;password
user-4676;password
user-4677;password
user-4678;password
user-4679;password
user-4680;password
user-4681;password
user-4682;password
user-4683;password
user-4684;password
user-4685;password
user-4686;password
user-4687;password
user-4688;password
user-4689;password
user-4690;password
user-4691;password
user-4692;password
user-4693;password
user-4694;password
user-4695;password
user-4696;password
user-4697;password
user-4698;password
user-4699;password
user-4700;password
user-4701;password
user-4702;password
user-4703;password
user-4704;password
user-4705;password
user-4706;password
user-4707;password
user-4708;password
user-4709;password
user-4710;password
user-4711;password
user-4712;password
user-4713;password
user-4714;password
user-4715;password
user-4716;password
user-4717;password
user-4718;password
user-4719;password
user-4720;password
user-4721;password
user-4722;password
user-4723;password
user-4724;password
user-4725;password
user-4726;password
user-4727;password
user-4728;password
user-4729;password
user-4730;password
user-4731;password
user-4732;password
user-4733;password
user-4734;password
user-4735;password
user-4736;password
user-4737;password
user-4738;password
user-4739;password
user-4740;password
user-4741;password
user-4742;password
user-4743;password
user-4744;password
user-4745;password
user-4746;password
user-4747;password
user-4748;password
user-4749;password
user-4750;password
user-4751;password
user-4752;password
user-4753;password
user-4754;password
user-4755;password
user-4756;password
user-4757;password
user-4758;password
user-4759;password
user-4760;password
user-4761;password
user-4762;password
user-4763;password
user-4764;password
user-4765;password
user-4766;password
user-4767;password
user-4768;password
user-4769;password
user-4770;password
user-4771;password
user-4772;password
user-4773;password
user-4774;password
user-4775;password
user-4776;password
user-4777;password
user-4778;password
user-4779;password
user-4780;password
user-4781;password
user-4782;password
user-4783;password
user-4784;password
user-4785;password
user-4786;password
user-4787;password
user-4788;password
user-4789;password
user-4790;password
user-4791;password
user-4792;password
user-4793;password
user-4794;password
user-4795;password
user-4796;password
user-4797;password
user-4798;password
user-4799;password
user-4800;password
user-4801;password
user-4802;password
user-4803;password
user-4804;password
user-4805;password
user-4806;password
user-4807;password
user-4808;password
user-4809;password
user-4810;password
user-4811;password
user-4812;password
user-4813;password
user-4814;password
user-4815;password
user-4816;password
user-4817;password
user-4818;password
user-4819;password
user-4820;password
user-4821;password
user-4822;password
user-4823;password
user-4824;password
user-4825;password
user-4826;password
user-4827;password
user-4828;password
user-4829;password
user-4830;password
user-4831;password
user-4832;password
user-4833;password
user-4834;password
user-4835;password
user-4836;password
user-4837;password
user-4838;password
user-4839;password
user-4840;password
user-4841;password
user-4842;password
user-4843;password
user-4844;password
user-4845;password
user-4846;password
user-4847;password
user-4848;password
user-4849;password
user-4850;password
user-4851;password
user-4852;password
user-4853;password
user-4854;password
user-4855;password
user-4856;password
user-4857;password
user-4858;password
user-4859;password
user-4860;password
user-4861;password
user-4862;password
user-4863;password
user-4864;password
user-4865;password
user-4866;password
user-4867;password
user-4868;password
user-4869;password
user-4870;password
user-4871;password
user-4872;password
user-4873;password
user-4874;password
user-4875;password
user-4876;password
user-4877;password
user-4878;password
user-4879;password
user-4880;password
user-4881;password
user-4882;password
user-4883;password
user-4884;password
user-4885;password
user-4886;password
user-4887;password
user-4888;password
user-4889;password
user-4890;password
user-4891;password
user-4892;password
user-4893;password
user-4894;password
user-4895;password
user-4896;password
user-4897;password
user-4898;password
user-4899;password
user-4900;password
user-4901;password
user-4902;password
user-4903;password
user-4904;password
user-4905;password
user-4906;password
user-4907;password
user-4908;password
user-4909;password
user-4910;password
user-4911;password
user-4912;password
user-4913;password
user-4914;password
user-4915;password
user-4916;password
user-4917;password
user-4918;password
user-4919;password
user-4920;password
user-4921;password
user-4922;password
user-4923;password
user-4924;password
user-4925;password
user-4926;password
user-4927;password
user-4928;password
user-4929;password
user-4930;password
user-4931;password
user-4932;password
user-4933;password
user-4934;password
user-4935;password
user-4936;password
user-4937;password
user-4938;password
user-4939;password
user-4940;password
user-4941;password
user-4942;password
user-4943;password
user-4944;password
user-4945;password
user-4946;password
user-4947;password
user-4948;password
user-4949;password
user-4950;password
user-4951;password
user-4952;password
user-4953;password
user-4954;password
user-4955;password
user-4956;password
user-4957;password
user-4958;password
user-4959;password
user-4960;password
user-4961;password
user-4962;password
user-4963;password
user-4964;password
user-4965;password
user-4966;password
user-4967;password
user-4968;password
user-4969;password
user-4970;password
user-4971;password
user-4972;password
user-4973;password
user-4974;password
user-4975;password
user-4976;password
user-4977;password
user-4978;password
user-4979;password
user-4980;password
user-4981;password
user-4982;password
user-4983;password
user-4984;password
user-4985;password
user-4986;password
user-4987;password
user-4988;password
user-4989;password
user-4990;password
user-4991;password
user-4992;password
user-4993;password
user-4994;password
user-4995;password
user-4996;password
user-4997;password
user-4998;password
user-4999;password
user-5000;password
